{
  "0": [
    376.7999999999957,
    372.7999999999959
  ],
  "1": [
    192.40000000000165,
    131.6000000000008
  ],
  "0.1": [
    264.4000000000021,
    407.9999999999939
  ],
  "0.2": [
    484.79999999998955,
    317.99999999999903
  ],
  "0.3": [
    315.1999999999992,
    302.3999999999999
  ],
  "0.4": [
    399.9999999999944,
    325.9999999999986
  ],
  "0.5": [
    777.9999999999729,
    274.8000000000015
  ],
  "0.6": [
    317.1999999999991,
    337.19999999999794
  ],
  "0.7": [
    431.99999999999255,
    409.19999999999385
  ],
  "0.8": [
    345.99999999999744,
    431.5999999999926
  ],
  "0.9": [
    467.59999999999053,
    267.2000000000019
  ]
}