{
  "0": [
    450.80000000000248,
    647.20000000000243,
    671.199999999996,
    573.1999999999846,
    469.2000000000018,
    316.7999999999991,
    305.59999999999974,
    494.4000000000004,
    305.59999999999974,
    431.5999999999926,
    320.40000000000205,
    303.1999999999999,
    352.79999999999706,
    682.80000000000103,
    446.40000000000242,
    442.00000000000236,
    490.4000000000006,
    491.20000000000056,
    476.0000000000014,
    496.80000000000024,
    444.7999999999918,
    477.60000000000133,
    474.00000000000153,
    494.0000000000004,
    380.3999999999955,
    480.0000000000012,
    327.60000000000215,
    393.19999999999476,
    319.20000000000203,
    348.00000000000244
  ],
  "1": [
    409.19999999999953,
    677.1999999999616,
    412.39999999999367,
    652.3999999999971,
    309.19999999999953,
    346.3999999999974,
    495.6000000000003,
    748.7999999999746,
    444.0000000000024,
    366.7999999999622,
    306.3999999999997,
    343.99999999999756,
    424.79999999999296,
    433.60000000000224,
    266.40000000000197,
    430.4000000000022,
    406.40000000000185,
    447.60000000000244,
    410.3999999999825,
    301.99999999999994,
    317.99999999999903,
    444.0000000000024,
    439.60000000000232,
    480.40000000000117,
    478.0000000000013,
    435.60000000000227,
    437.2000000000023,
    597.9999999999832,
    432.39999999999253,
    492.80000000000047
  ],
  "2": [
    425.5999999999929,
    321.59999999999883,
    616.7999999999821,
    427.1999999999928,
    472.4000000000016,
    322.79999999999876,
    450.00000000000247,
    715.9999999999765,
    417.600000000002,
    478.80000000000126,
    430.39999999999264,
    561.2000000001037,
    321.59999999999883,
    484.00000000000097,
    423.999999999993,
    347.59999999999735,
    326.39999999999856,
    433.99999999999244,
    348.7999999999973,
    516.3999999999651,
    313.5999999999993,
    306.79999999999967,
    446.00000000000242,
    482.0000000000011,
    464.80000000000206,
    437.19999999999226,
    363.59999999999644,
    456.00000000000256,
    502.4000000004767,
    308.79999999999956
  ],
  "3": [
    483.600000000001,
    482.40000000000106,
    388.39999999999503,
    361.2000000000583,
    333.59999999999815,
    476.8000000000014,
    300.8,
    355.5999999999969,
    331.99999999999824,
    454.00000000000253,
    434.80000000000226,
    444.7999999999918,
    586.00000000000085,
    494.0000000000004,
    410.3999999999938,
    317.1999999999991,
    406.40000000000185,
    369.1999999999691,
    394.3999999999947,
    319.59999999999894,
    407.60000000000187,
    438.0000000000023,
    593.6000000000004,
    456.00000000000256,
    475.60000000000144,
    486.40000000000083,
    447.1999999999917,
    449.99999999999153,
    442.40000000000236,
    338.3999999999979
  ],
  "4": [
    424.0000000000021,
    498.3999999999604,
    423.59999999999303,
    494.399999999989,
    330.39999999999833,
    360.7999999999966,
    489.5999999999893,
    349.59999999999724,
    358.39999999999674,
    318.7999999999804,
    364.7999999999964,
    478.7999999999899,
    307.19999999999965,
    299.2000000000001,
    497.6000000000002,
    497.6000000000002,
    408.40000000000188,
    398.39999999999446,
    484.40000000000094,
    400.39999999999435,
    374.3999999999958,
    355.9999999999969,
    417.1999999999934,
    412.40000000000194,
    402.4000000000018,
    446.00000000000242,
    400.00000000000006,
    371.599999999996,
    314.7999999999765,
    367.5999999999962
  ],
  "5": [
    379.9999999999955,
    321.19999999999885,
    438.4000000000023,
    338.3999999999979,
    532.3999999999869,
    305.59999999999974,
    402.7999999999942,
    417.9999999999707,
    475.20000000000147,
    327.99999999999847,
    438.0000000000023,
    533.9999999999868,
    325.1999999999986,
    345.5999999999634,
    480.0000000000012,
    342.39999999999765,
    410.4000000000019,
    471.2000000000017,
    398.00000000000017,
    373.99999999999585,
    320.7999999999989,
    314.39999999999924,
    383.200000000001,
    394.0000000000004,
    368.3999999999735,
    356.40000000000254,
    446.39999999999173,
    452.79999999999137,
    393.20000000000044,
    348.00000000000244
  ],
  "6": [
    373.60000000000156,
    387.1999999999951,
    452.399999999988,
    389.60000000000065,
    398.8000000000001,
    313.5999999999993,
    349.20000000000246,
    360.3999999999966,
    277.20000000000135,
    380.3999999999955,
    497.9999999999661,
    373.60000000000156,
    338.4000000000023,
    450.7999999999877,
    359.1999999999967,
    300.00000000000006,
    367.2000000000019,
    497.2000000000437,
    589.1999999999837,
    371.599999999996,
    331.1999999999983,
    353.599999999997,
    311.1999999999994,
    298.40000000000015,
    453.6000000000793,
    382.80000000000103,
    357.99999999999676,
    300.40000000000003,
    383.1999999999953,
    309.19999999999953
  ],
  "7": [
    400.0000000000216,
    351.200000000192,
    355.1999999999969,
    283.200000000001,
    367.5999999999962,
    327.1999999999985,
    214.00000000000196,
    354.39999999999696,
    382.79999999999535,
    378.3999999999956,
    416.7999999999594,
    351.9999999999914,
    345.5999999999918,
    393.59999999999474,
    413.5999999999936,
    298.8000000000001,
    361.59999999999656,
    231.2000000000022,
    365.19999999999635,
    395.19999999999465,
    340.79999999999774,
    313.1999999999766,
    355.1999999999969,
    268.40000000000185,
    311.5999999999994,
    479.19999999998987,
    333.9999999999981,
    339.5999999999978,
    298.40000000000015,
    294.0000000000004
  ],
  "8": [
    244.8000000000024,
    314.7999999999992,
    238.8000000000023,
    278.80000000000126,
    364.3999999999964,
    285.6000000000009,
    349.19999999999726,
    380.79999999999546,
    355.19999999999123,
    333.59999999999815,
    435.1999999999754,
    395.19999999999465,
    369.9999999999848,
    193.20000000000167,
    277.60000000000133,
    246.00000000000242,
    244.8000000000024,
    222.40000000000208,
    395.1999999999833,
    233.60000000000224,
    240.40000000000234,
    373.99999999999017,
    427.5999999999758,
    229.60000000000218,
    437.5999999999847,
    240.40000000000234,
    299.2000000000001,
    318.3999999999877,
    394.3999999999947,
    395.9999999999889
  ],
  "9": [
    291.59999999999485,
    281.6000000000011,
    185.20000000000155,
    395.9999999999946,
    345.1999999999975,
    322.3999999999988,
    286.00000000000085,
    269.2000000000018,
    278.3999999999899,
    278.0000000000013,
    235.20000000000226,
    333.59999999999815,
    273.2000000000016,
    222.8000000000021,
    357.99999999999676,
    341.99999999999767,
    232.00000000000222,
    203.99999999999415,
    235.60000000000227,
    246.40000000000242,
    338.3999999999979,
    256.8000000000025,
    277.20000000000135,
    258.00000000000244,
    305.19999999999976,
    252.4000000000025,
    229.5999999999927,
    265.600000000002,
    194.8000000000017,
    339.5999999999978
  ],
  "10": [
    167.6000000000013,
    120.40000000000063,
    162.00000000000122,
    126.00000000000071,
    146.000000000001,
    146.400000000001,
    134.40000000000083,
    155.60000000000113,
    145.600000000001,
    174.4000000000014,
    151.60000000000107,
    176.40000000000143,
    122.40000000000066,
    153.6000000000011,
    153.2000000000011,
    132.8000000000008,
    173.6000000000014,
    156.80000000000115,
    150.40000000000106,
    115.20000000000056,
    142.80000000000095,
    166.8000000000013,
    149.60000000000105,
    143.60000000000096,
    134.80000000000084,
    152.40000000000109,
    151.20000000000107,
    148.40000000000103,
    165.60000000000127,
    176.80000000000143
  ]
}